event,time
mouse_move,2026-04-11 16:21:12.710435
mouse_move,2026-04-11 16:21:12.717843
mouse_move,2026-04-11 16:21:12.724975
mouse_move,2026-04-11 16:21:12.731612
mouse_move,2026-04-11 16:21:12.738661
mouse_move,2026-04-11 16:21:12.745567
mouse_move,2026-04-11 16:21:12.752420
mouse_move,2026-04-11 16:21:12.759182
mouse_move,2026-04-11 16:21:12.766555
mouse_move,2026-04-11 16:21:12.773308
mouse_move,2026-04-11 16:21:12.780024
mouse_move,2026-04-11 16:21:12.787053
mouse_move,2026-04-11 16:21:12.794397
mouse_move,2026-04-11 16:21:12.802246
mouse_move,2026-04-11 16:21:12.808511
mouse_move,2026-04-11 16:21:12.815837
mouse_move,2026-04-11 16:21:12.822493
mouse_move,2026-04-11 16:21:12.829909
mouse_move,2026-04-11 16:21:12.836517
mouse_move,2026-04-11 16:21:12.843156
mouse_move,2026-04-11 16:21:12.850649
mouse_move,2026-04-11 16:21:12.857953
mouse_move,2026-04-11 16:21:12.864461
mouse_move,2026-04-11 16:21:12.871966
mouse_move,2026-04-11 16:21:12.878809
mouse_move,2026-04-11 16:21:12.885729
mouse_move,2026-04-11 16:21:12.892732
mouse_move,2026-04-11 16:21:12.900172
mouse_move,2026-04-11 16:21:12.906408
mouse_move,2026-04-11 16:21:12.913785
mouse_move,2026-04-11 16:21:12.920858
mouse_move,2026-04-11 16:21:12.927951
mouse_move,2026-04-11 16:21:12.935349
mouse_move,2026-04-11 16:21:12.942531
mouse_move,2026-04-11 16:21:12.949507
mouse_move,2026-04-11 16:21:12.956671
mouse_move,2026-04-11 16:21:12.963218
mouse_move,2026-04-11 16:21:12.970604
mouse_move,2026-04-11 16:21:12.976571
mouse_move,2026-04-11 16:21:12.984372
mouse_move,2026-04-11 16:21:12.991406
mouse_move,2026-04-11 16:21:12.997729
mouse_move,2026-04-11 16:21:13.005378
mouse_move,2026-04-11 16:21:13.012499
mouse_move,2026-04-11 16:21:13.019060
mouse_move,2026-04-11 16:21:13.026311
mouse_move,2026-04-11 16:21:13.033077
mouse_move,2026-04-11 16:21:13.040726
mouse_move,2026-04-11 16:21:13.047422
mouse_move,2026-04-11 16:21:13.054704
mouse_move,2026-04-11 16:21:13.061432
mouse_move,2026-04-11 16:21:13.068959
mouse_move,2026-04-11 16:21:13.075523
mouse_move,2026-04-11 16:21:13.082430
mouse_move,2026-04-11 16:21:13.089524
mouse_move,2026-04-11 16:21:13.096426
mouse_move,2026-04-11 16:21:13.103415
mouse_move,2026-04-11 16:21:13.110534
mouse_move,2026-04-11 16:21:13.117307
mouse_move,2026-04-11 16:21:13.125190
mouse_move,2026-04-11 16:21:13.132029
mouse_move,2026-04-11 16:21:13.139376
mouse_move,2026-04-11 16:21:13.145819
mouse_move,2026-04-11 16:21:13.153204
mouse_move,2026-04-11 16:21:13.159309
mouse_move,2026-04-11 16:21:13.167213
mouse_move,2026-04-11 16:21:13.174054
mouse_move,2026-04-11 16:21:13.181262
mouse_move,2026-04-11 16:21:13.188023
mouse_move,2026-04-11 16:21:13.194789
mouse_move,2026-04-11 16:21:13.201786
mouse_move,2026-04-11 16:21:13.209149
mouse_move,2026-04-11 16:21:13.215904
mouse_move,2026-04-11 16:21:13.228181
mouse_move,2026-04-11 16:21:13.624031
mouse_move,2026-04-11 16:21:13.630949
mouse_move,2026-04-11 16:21:13.637412
mouse_move,2026-04-11 16:21:13.644532
mouse_move,2026-04-11 16:21:13.651841
mouse_move,2026-04-11 16:21:13.658922
mouse_move,2026-04-11 16:21:13.665383
mouse_move,2026-04-11 16:21:13.672502
mouse_move,2026-04-11 16:21:13.679810
mouse_move,2026-04-11 16:21:13.686953
mouse_move,2026-04-11 16:21:13.693268
mouse_move,2026-04-11 16:21:13.701113
mouse_move,2026-04-11 16:21:13.707733
mouse_move,2026-04-11 16:21:13.714791
mouse_move,2026-04-11 16:21:13.721717
mouse_move,2026-04-11 16:21:13.728973
mouse_move,2026-04-11 16:21:13.735852
mouse_move,2026-04-11 16:21:13.742955
mouse_move,2026-04-11 16:21:13.749954
mouse_move,2026-04-11 16:21:13.757026
mouse_move,2026-04-11 16:21:13.763546
mouse_move,2026-04-11 16:21:13.771011
mouse_move,2026-04-11 16:21:13.777891
mouse_move,2026-04-11 16:21:13.784792
mouse_move,2026-04-11 16:21:13.792191
mouse_move,2026-04-11 16:21:13.799062
mouse_move,2026-04-11 16:21:13.805968
mouse_move,2026-04-11 16:21:13.812974
mouse_move,2026-04-11 16:21:13.819954
mouse_move,2026-04-11 16:21:13.826938
mouse_move,2026-04-11 16:21:13.833983
mouse_move,2026-04-11 16:21:13.841266
mouse_move,2026-04-11 16:21:13.847910
mouse_move,2026-04-11 16:21:13.855404
mouse_move,2026-04-11 16:21:13.861735
mouse_move,2026-04-11 16:21:13.869137
mouse_move,2026-04-11 16:21:13.876093
mouse_move,2026-04-11 16:21:13.883668
mouse_move,2026-04-11 16:21:13.890334
mouse_move,2026-04-11 16:21:13.897047
mouse_move,2026-04-11 16:21:13.904210
mouse_move,2026-04-11 16:21:13.911728
mouse_move,2026-04-11 16:21:13.917907
mouse_move,2026-04-11 16:21:13.925203
mouse_move,2026-04-11 16:21:13.932437
mouse_move,2026-04-11 16:21:13.939417
mouse_move,2026-04-11 16:21:13.946445
mouse_move,2026-04-11 16:21:13.953588
mouse_move,2026-04-11 16:21:13.960657
mouse_move,2026-04-11 16:21:13.967706
mouse_move,2026-04-11 16:21:13.974287
mouse_move,2026-04-11 16:21:13.981809
mouse_move,2026-04-11 16:21:13.988441
mouse_move,2026-04-11 16:21:13.995815
mouse_move,2026-04-11 16:21:14.002806
mouse_move,2026-04-11 16:21:14.009867
mouse_move,2026-04-11 16:21:14.016671
mouse_move,2026-04-11 16:21:14.024032
mouse_move,2026-04-11 16:21:14.030842
mouse_move,2026-04-11 16:21:14.037994
mouse_move,2026-04-11 16:21:14.044660
mouse_move,2026-04-11 16:21:14.052185
mouse_move,2026-04-11 16:21:14.058820
mouse_move,2026-04-11 16:21:14.066269
mouse_move,2026-04-11 16:21:14.073290
mouse_move,2026-04-11 16:21:14.080285
mouse_move,2026-04-11 16:21:14.087601
mouse_move,2026-04-11 16:21:14.094468
mouse_move,2026-04-11 16:21:14.101156
mouse_move,2026-04-11 16:21:14.108528
mouse_move,2026-04-11 16:21:14.115025
mouse_move,2026-04-11 16:21:14.122685
mouse_move,2026-04-11 16:21:14.129625
mouse_move,2026-04-11 16:21:14.137398
mouse_move,2026-04-11 16:21:14.143327
mouse_move,2026-04-11 16:21:14.150847
mouse_move,2026-04-11 16:21:14.157724
mouse_move,2026-04-11 16:21:14.164587
mouse_move,2026-04-11 16:21:14.171804
mouse_move,2026-04-11 16:21:14.179099
mouse_move,2026-04-11 16:21:14.185852
mouse_move,2026-04-11 16:21:14.193147
mouse_move,2026-04-11 16:21:14.200055
mouse_move,2026-04-11 16:21:14.207387
mouse_move,2026-04-11 16:21:14.213499
mouse_move,2026-04-11 16:21:14.221254
mouse_move,2026-04-11 16:21:14.228562
mouse_move,2026-04-11 16:21:14.235489
mouse_move,2026-04-11 16:21:14.241760
mouse_move,2026-04-11 16:21:14.249575
mouse_move,2026-04-11 16:21:14.263775
mouse_move,2026-04-11 16:21:14.270410
mouse_move,2026-04-11 16:21:14.277463
mouse_move,2026-04-11 16:21:14.283822
mouse_move,2026-04-11 16:21:14.291511
mouse_move,2026-04-11 16:21:14.320159
mouse_move,2026-04-11 16:21:14.333332
mouse_move,2026-04-11 16:21:14.340294
mouse_move,2026-04-11 16:21:14.347609
mouse_move,2026-04-11 16:21:14.354156
mouse_move,2026-04-11 16:21:14.360957
mouse_move,2026-04-11 16:21:14.368676
mouse_move,2026-04-11 16:21:14.375667
mouse_move,2026-04-11 16:21:14.382815
mouse_move,2026-04-11 16:21:14.389874
mouse_move,2026-04-11 16:21:14.396152
mouse_move,2026-04-11 16:21:14.403944
mouse_move,2026-04-11 16:21:14.409965
mouse_move,2026-04-11 16:21:14.417972
mouse_move,2026-04-11 16:21:14.424996
mouse_move,2026-04-11 16:21:14.432029
mouse_move,2026-04-11 16:21:14.438814
mouse_move,2026-04-11 16:21:14.445644
mouse_move,2026-04-11 16:21:14.452787
mouse_move,2026-04-11 16:21:14.459470
mouse_move,2026-04-11 16:21:14.466452
mouse_move,2026-04-11 16:21:14.473967
mouse_move,2026-04-11 16:21:14.480587
mouse_move,2026-04-11 16:21:14.487944
mouse_move,2026-04-11 16:21:14.494776
mouse_move,2026-04-11 16:21:14.502452
mouse_move,2026-04-11 16:21:14.508153
mouse_move,2026-04-11 16:21:14.515935
mouse_move,2026-04-11 16:21:14.522249
mouse_move,2026-04-11 16:21:14.529925
mouse_move,2026-04-11 16:21:14.536375
mouse_move,2026-04-11 16:21:14.543627
mouse_move,2026-04-11 16:21:14.550778
mouse_move,2026-04-11 16:21:14.558424
mouse_move,2026-04-11 16:21:14.565191
mouse_move,2026-04-11 16:21:14.572499
mouse_move,2026-04-11 16:21:14.579500
mouse_move,2026-04-11 16:21:14.586982
mouse_move,2026-04-11 16:21:14.593192
mouse_move,2026-04-11 16:21:14.600941
mouse_move,2026-04-11 16:21:14.607430
mouse_move,2026-04-11 16:21:14.614961
mouse_move,2026-04-11 16:21:14.628535
mouse_move,2026-04-11 16:21:14.635593
mouse_move,2026-04-11 16:21:14.642859
mouse_move,2026-04-11 16:21:14.650395
mouse_move,2026-04-11 16:21:14.656593
mouse_move,2026-04-11 16:21:14.663923
mouse_move,2026-04-11 16:21:14.671182
mouse_move,2026-04-11 16:21:14.677485
mouse_move,2026-04-11 16:21:14.685397
mouse_move,2026-04-11 16:21:14.691920
mouse_move,2026-04-11 16:21:14.699285
mouse_move,2026-04-11 16:21:14.706012
mouse_move,2026-04-11 16:21:14.713155
mouse_move,2026-04-11 16:21:14.719820
mouse_move,2026-04-11 16:21:14.726724
mouse_move,2026-04-11 16:21:14.734253
mouse_move,2026-04-11 16:21:14.741483
mouse_move,2026-04-11 16:21:14.755739
mouse_move,2026-04-11 16:21:14.762459
mouse_move,2026-04-11 16:21:14.769207
mouse_move,2026-04-11 16:21:14.783704
mouse_move,2026-04-11 16:21:14.797795
mouse_move,2026-04-11 16:21:14.804398
key_press,2026-04-11 16:21:15.664498
key_press,2026-04-11 16:21:16.187858
key_press,2026-04-11 16:21:16.374445
key_press,2026-04-11 16:21:16.651064
key_press,2026-04-11 16:21:17.020839
key_press,2026-04-11 16:21:17.867375
key_press,2026-04-11 16:21:18.789425
key_press,2026-04-11 16:21:19.066841
key_press,2026-04-11 16:21:19.308016
key_press,2026-04-11 16:21:19.934803
key_press,2026-04-11 16:21:20.202548
key_press,2026-04-11 16:21:20.402904
key_press,2026-04-11 16:21:21.843775
key_press,2026-04-11 16:21:22.141998
key_press,2026-04-11 16:21:25.848147
key_press,2026-04-11 16:21:26.350169
key_press,2026-04-11 16:21:26.565292
key_press,2026-04-11 16:21:26.705791
key_press,2026-04-11 16:21:26.995093
key_press,2026-04-11 16:21:27.203794
key_press,2026-04-11 16:21:27.638097
key_press,2026-04-11 16:21:28.184556
key_press,2026-04-11 16:21:28.429946
key_press,2026-04-11 16:21:29.007064
key_press,2026-04-11 16:21:29.205797
key_press,2026-04-11 16:21:29.430917
key_press,2026-04-11 16:21:29.641601
key_press,2026-04-11 16:21:29.897940
key_press,2026-04-11 16:21:30.185694
key_press,2026-04-11 16:21:30.765387
key_press,2026-04-11 16:21:31.129317
key_press,2026-04-11 16:21:31.340211
key_press,2026-04-11 16:21:31.916282
key_press,2026-04-11 16:21:32.419236
key_press,2026-04-11 16:21:32.451371
key_press,2026-04-11 16:21:32.483556
key_press,2026-04-11 16:21:32.515773
key_press,2026-04-11 16:21:32.549325
key_press,2026-04-11 16:21:32.580388
key_press,2026-04-11 16:21:32.612688
key_press,2026-04-11 16:21:32.645059
key_press,2026-04-11 16:21:32.677328
key_press,2026-04-11 16:21:32.709612
key_press,2026-04-11 16:21:32.741883
key_press,2026-04-11 16:21:32.774221
key_press,2026-04-11 16:21:32.806328
key_press,2026-04-11 16:21:32.838641
key_press,2026-04-11 16:21:32.870968
key_press,2026-04-11 16:21:32.903220
key_press,2026-04-11 16:21:32.935582
key_press,2026-04-11 16:21:32.967846
key_press,2026-04-11 16:21:33.000180
key_press,2026-04-11 16:21:33.032427
key_press,2026-04-11 16:21:33.064757
key_press,2026-04-11 16:21:33.097290
key_press,2026-04-11 16:21:33.129719
key_press,2026-04-11 16:21:33.308819
key_press,2026-04-11 16:21:33.544880
key_press,2026-04-11 16:21:33.695340
key_press,2026-04-11 16:21:33.832213
key_press,2026-04-11 16:21:33.990438
key_press,2026-04-11 16:21:34.145676
key_press,2026-04-11 16:21:34.313756
key_press,2026-04-11 16:21:34.603212
key_press,2026-04-11 16:21:37.993172
key_press,2026-04-11 16:21:38.154881
key_press,2026-04-11 16:21:38.696794
key_press,2026-04-11 16:21:39.318601
key_press,2026-04-11 16:21:39.513377
key_press,2026-04-11 16:21:39.931882
key_press,2026-04-11 16:21:40.075097
key_press,2026-04-11 16:21:40.206503
key_press,2026-04-11 16:21:40.320771
key_press,2026-04-11 16:21:40.600192
mouse_move,2026-04-11 16:21:41.254439
mouse_move,2026-04-11 16:21:41.260573
mouse_move,2026-04-11 16:21:41.267802
mouse_move,2026-04-11 16:21:41.274452
mouse_move,2026-04-11 16:21:41.281901
mouse_move,2026-04-11 16:21:41.288629
mouse_move,2026-04-11 16:21:41.295724
mouse_move,2026-04-11 16:21:41.302715
mouse_move,2026-04-11 16:21:41.309269
mouse_move,2026-04-11 16:21:41.316947
mouse_move,2026-04-11 16:21:41.323903
mouse_move,2026-04-11 16:21:41.331083
mouse_move,2026-04-11 16:21:41.337731
mouse_move,2026-04-11 16:21:41.344529
mouse_move,2026-04-11 16:21:41.359176
mouse_move,2026-04-11 16:21:41.366494
mouse_move,2026-04-11 16:21:41.387585
mouse_move,2026-04-11 16:21:41.393771
mouse_move,2026-04-11 16:21:41.400448
mouse_move,2026-04-11 16:21:41.407714
mouse_move,2026-04-11 16:21:41.421875
mouse_move,2026-04-11 16:21:41.428536
mouse_move,2026-04-11 16:21:41.435694
mouse_move,2026-04-11 16:21:41.442589
mouse_move,2026-04-11 16:21:41.450240
mouse_move,2026-04-11 16:21:41.457238
mouse_move,2026-04-11 16:21:41.463930
mouse_move,2026-04-11 16:21:41.471057
mouse_move,2026-04-11 16:21:41.477883
mouse_move,2026-04-11 16:21:41.485248
mouse_move,2026-04-11 16:21:41.491961
mouse_move,2026-04-11 16:21:41.499234
mouse_move,2026-04-11 16:21:41.506040
mouse_move,2026-04-11 16:21:41.513141
mouse_move,2026-04-11 16:21:41.520972
mouse_move,2026-04-11 16:21:41.527421
mouse_move,2026-04-11 16:21:41.534288
mouse_move,2026-04-11 16:21:41.540998
mouse_move,2026-04-11 16:21:41.548133
mouse_move,2026-04-11 16:21:41.555313
mouse_move,2026-04-11 16:21:41.562210
mouse_move,2026-04-11 16:21:41.569115
mouse_move,2026-04-11 16:21:41.576016
mouse_move,2026-04-11 16:21:41.583843
mouse_move,2026-04-11 16:21:41.590694
mouse_move,2026-04-11 16:21:41.597567
mouse_move,2026-04-11 16:21:41.604774
mouse_move,2026-04-11 16:21:41.611336
mouse_move,2026-04-11 16:21:41.618646
mouse_move,2026-04-11 16:21:41.625719
mouse_move,2026-04-11 16:21:41.632929
mouse_move,2026-04-11 16:21:41.639933
mouse_move,2026-04-11 16:21:41.646808
mouse_move,2026-04-11 16:21:41.653768
mouse_move,2026-04-11 16:21:41.660534
mouse_move,2026-04-11 16:21:41.667884
mouse_move,2026-04-11 16:21:41.675033
mouse_move,2026-04-11 16:21:41.682060
mouse_move,2026-04-11 16:21:41.688842
mouse_move,2026-04-11 16:21:41.696083
mouse_move,2026-04-11 16:21:41.703092
mouse_move,2026-04-11 16:21:41.709852
mouse_move,2026-04-11 16:21:41.717090
mouse_move,2026-04-11 16:21:41.723740
mouse_move,2026-04-11 16:21:41.731095
mouse_move,2026-04-11 16:21:41.738168
mouse_move,2026-04-11 16:21:41.744776
mouse_move,2026-04-11 16:21:41.752371
mouse_move,2026-04-11 16:21:41.786789
mouse_move,2026-04-11 16:21:41.794154
mouse_move,2026-04-11 16:21:41.801442
mouse_move,2026-04-11 16:21:41.808291
mouse_move,2026-04-11 16:21:41.815744
mouse_move,2026-04-11 16:21:41.822481
mouse_move,2026-04-11 16:21:41.829382
mouse_move,2026-04-11 16:21:41.836510
mouse_move,2026-04-11 16:21:41.842809
mouse_move,2026-04-11 16:21:41.850377
mouse_move,2026-04-11 16:21:41.857373
mouse_move,2026-04-11 16:21:41.864289
mouse_move,2026-04-11 16:21:41.871321
mouse_move,2026-04-11 16:21:41.878277
mouse_move,2026-04-11 16:21:41.885525
mouse_move,2026-04-11 16:21:41.892734
mouse_move,2026-04-11 16:21:41.899533
mouse_move,2026-04-11 16:21:41.906249
mouse_move,2026-04-11 16:21:41.913611
mouse_move,2026-04-11 16:21:41.920667
mouse_move,2026-04-11 16:21:41.927365
mouse_move,2026-04-11 16:21:41.934971
mouse_move,2026-04-11 16:21:41.941525
mouse_move,2026-04-11 16:21:41.948867
mouse_move,2026-04-11 16:21:41.955420
mouse_move,2026-04-11 16:21:41.962133
mouse_move,2026-04-11 16:21:41.969529
mouse_move,2026-04-11 16:21:41.976429
mouse_move,2026-04-11 16:21:41.983617
mouse_move,2026-04-11 16:21:41.990724
mouse_move,2026-04-11 16:21:41.997632
mouse_move,2026-04-11 16:21:42.075719
mouse_move,2026-04-11 16:21:42.082246
mouse_move,2026-04-11 16:21:42.089291
mouse_move,2026-04-11 16:21:42.096097
mouse_move,2026-04-11 16:21:42.102990
mouse_move,2026-04-11 16:21:42.109954
mouse_move,2026-04-11 16:21:42.117049
mouse_move,2026-04-11 16:21:42.124270
mouse_move,2026-04-11 16:21:42.131316
mouse_move,2026-04-11 16:21:42.138227
mouse_move,2026-04-11 16:21:42.145300
mouse_move,2026-04-11 16:21:42.152120
mouse_move,2026-04-11 16:21:42.158954
mouse_move,2026-04-11 16:21:42.166334
mouse_move,2026-04-11 16:21:42.173303
mouse_move,2026-04-11 16:21:42.180409
mouse_move,2026-04-11 16:21:42.187585
mouse_move,2026-04-11 16:21:42.194266
mouse_move,2026-04-11 16:21:42.201469
mouse_move,2026-04-11 16:21:42.208330
mouse_move,2026-04-11 16:21:42.215264
mouse_move,2026-04-11 16:21:42.222499
mouse_move,2026-04-11 16:21:42.229608
mouse_move,2026-04-11 16:21:42.237074
mouse_move,2026-04-11 16:21:42.243250
mouse_move,2026-04-11 16:21:42.250834
mouse_move,2026-04-11 16:21:42.257904
mouse_move,2026-04-11 16:21:42.264481
mouse_move,2026-04-11 16:21:42.271721
mouse_move,2026-04-11 16:21:42.278460
mouse_move,2026-04-11 16:21:42.286197
mouse_move,2026-04-11 16:21:42.292818
mouse_move,2026-04-11 16:21:42.300290
mouse_move,2026-04-11 16:21:42.306885
mouse_move,2026-04-11 16:21:42.313970
mouse_move,2026-04-11 16:21:42.320524
mouse_move,2026-04-11 16:21:42.327592
mouse_move,2026-04-11 16:21:42.335207
mouse_move,2026-04-11 16:21:42.342394
mouse_move,2026-04-11 16:21:42.349527
mouse_move,2026-04-11 16:21:42.356183
mouse_move,2026-04-11 16:21:42.363546
mouse_move,2026-04-11 16:21:42.370230
mouse_move,2026-04-11 16:21:42.376846
mouse_move,2026-04-11 16:21:42.383885
mouse_move,2026-04-11 16:21:42.391396
mouse_move,2026-04-11 16:21:42.398139
mouse_move,2026-04-11 16:21:42.405201
mouse_move,2026-04-11 16:21:42.412142
mouse_move,2026-04-11 16:21:42.419555
mouse_move,2026-04-11 16:21:42.426224
mouse_move,2026-04-11 16:21:42.433619
mouse_move,2026-04-11 16:21:42.440872
mouse_move,2026-04-11 16:21:42.447449
mouse_move,2026-04-11 16:21:42.454656
mouse_move,2026-04-11 16:21:42.461741
mouse_move,2026-04-11 16:21:42.468765
mouse_move,2026-04-11 16:21:42.475757
mouse_move,2026-04-11 16:21:42.482621
mouse_move,2026-04-11 16:21:42.489666
mouse_move,2026-04-11 16:21:42.496543
mouse_move,2026-04-11 16:21:42.503470
mouse_move,2026-04-11 16:21:42.510533
mouse_move,2026-04-11 16:21:42.517621
mouse_move,2026-04-11 16:21:42.524673
mouse_move,2026-04-11 16:21:42.531820
mouse_move,2026-04-11 16:21:42.538930
mouse_move,2026-04-11 16:21:42.545876
mouse_move,2026-04-11 16:21:42.552603
mouse_move,2026-04-11 16:21:42.559564
mouse_move,2026-04-11 16:21:42.566780
mouse_move,2026-04-11 16:21:42.573954
mouse_move,2026-04-11 16:21:42.580930
mouse_move,2026-04-11 16:21:42.587644
mouse_move,2026-04-11 16:21:42.594819
mouse_move,2026-04-11 16:21:42.602012
mouse_move,2026-04-11 16:21:42.608580
mouse_move,2026-04-11 16:21:42.616091
mouse_move,2026-04-11 16:21:42.623181
mouse_move,2026-04-11 16:21:42.630330
mouse_move,2026-04-11 16:21:42.637156
mouse_move,2026-04-11 16:21:42.643847
mouse_move,2026-04-11 16:21:42.650952
mouse_move,2026-04-11 16:21:42.658204
mouse_move,2026-04-11 16:21:42.665205
mouse_move,2026-04-11 16:21:42.672129
mouse_move,2026-04-11 16:21:42.679626
mouse_move,2026-04-11 16:21:42.686476
mouse_move,2026-04-11 16:21:42.693177
mouse_move,2026-04-11 16:21:42.699860
mouse_move,2026-04-11 16:21:42.707581
mouse_move,2026-04-11 16:21:42.714105
mouse_move,2026-04-11 16:21:42.721355
mouse_move,2026-04-11 16:21:42.728224
mouse_move,2026-04-11 16:21:42.735071
mouse_move,2026-04-11 16:21:42.741997
mouse_move,2026-04-11 16:21:42.749595
mouse_move,2026-04-11 16:21:42.756413
mouse_move,2026-04-11 16:21:42.763794
mouse_move,2026-04-11 16:21:42.770028
mouse_move,2026-04-11 16:21:42.777546
mouse_move,2026-04-11 16:21:42.782511
mouse_move,2026-04-11 16:21:44.203106
mouse_move,2026-04-11 16:21:44.209812
mouse_move,2026-04-11 16:21:44.217069
mouse_move,2026-04-11 16:21:44.224724
mouse_move,2026-04-11 16:21:44.231366
mouse_move,2026-04-11 16:21:44.238487
mouse_move,2026-04-11 16:21:44.245541
mouse_move,2026-04-11 16:21:44.252706
mouse_move,2026-04-11 16:21:44.259383
mouse_move,2026-04-11 16:21:44.266453
mouse_move,2026-04-11 16:21:44.273245
mouse_move,2026-04-11 16:21:44.279872
mouse_move,2026-04-11 16:21:44.287260
mouse_move,2026-04-11 16:21:44.294355
mouse_move,2026-04-11 16:21:44.301402
mouse_move,2026-04-11 16:21:44.308537
mouse_move,2026-04-11 16:21:44.315485
mouse_move,2026-04-11 16:21:44.322560
mouse_move,2026-04-11 16:21:44.329501
mouse_move,2026-04-11 16:21:44.336423
mouse_move,2026-04-11 16:21:44.343510
mouse_move,2026-04-11 16:21:44.350305
mouse_move,2026-04-11 16:21:44.357730
mouse_move,2026-04-11 16:21:44.364349
mouse_move,2026-04-11 16:21:44.371358
mouse_move,2026-04-11 16:21:44.378224
mouse_move,2026-04-11 16:21:44.385622
mouse_move,2026-04-11 16:21:44.392950
mouse_move,2026-04-11 16:21:44.399964
mouse_move,2026-04-11 16:21:44.406747
mouse_move,2026-04-11 16:21:44.414007
mouse_move,2026-04-11 16:21:44.420893
mouse_move,2026-04-11 16:21:44.428131
mouse_move,2026-04-11 16:21:44.434688
mouse_move,2026-04-11 16:21:44.441540
mouse_move,2026-04-11 16:21:44.449269
mouse_move,2026-04-11 16:21:44.456232
mouse_move,2026-04-11 16:21:44.463027
mouse_move,2026-04-11 16:21:44.470288
mouse_move,2026-04-11 16:21:44.477049
mouse_move,2026-04-11 16:21:44.483830
mouse_move,2026-04-11 16:21:44.491380
mouse_move,2026-04-11 16:21:44.498477
mouse_move,2026-04-11 16:21:44.505202
mouse_move,2026-04-11 16:21:44.512408
mouse_move,2026-04-11 16:21:44.519327
mouse_move,2026-04-11 16:21:44.525576
mouse_move,2026-04-11 16:21:44.533264
mouse_move,2026-04-11 16:21:44.540376
mouse_move,2026-04-11 16:21:44.547287
mouse_move,2026-04-11 16:21:44.554711
mouse_move,2026-04-11 16:21:44.561376
mouse_move,2026-04-11 16:21:44.568211
mouse_move,2026-04-11 16:21:44.575820
mouse_move,2026-04-11 16:21:44.582514
mouse_move,2026-04-11 16:21:44.589463
mouse_move,2026-04-11 16:21:44.596113
mouse_move,2026-04-11 16:21:44.603600
mouse_move,2026-04-11 16:21:44.610152
mouse_move,2026-04-11 16:21:44.617512
mouse_move,2026-04-11 16:21:44.624504
mouse_move,2026-04-11 16:21:44.631567
mouse_move,2026-04-11 16:21:44.638380
mouse_move,2026-04-11 16:21:44.645520
mouse_move,2026-04-11 16:21:44.652274
mouse_move,2026-04-11 16:21:44.658964
mouse_move,2026-04-11 16:21:44.666497
mouse_move,2026-04-11 16:21:44.673634
mouse_move,2026-04-11 16:21:44.680983
mouse_move,2026-04-11 16:21:44.687808
mouse_move,2026-04-11 16:21:44.694680
mouse_move,2026-04-11 16:21:44.702138
mouse_move,2026-04-11 16:21:44.708847
mouse_move,2026-04-11 16:21:44.715987
mouse_move,2026-04-11 16:21:44.722830
mouse_move,2026-04-11 16:21:44.729585
mouse_move,2026-04-11 16:21:44.736828
mouse_move,2026-04-11 16:21:44.744091
mouse_move,2026-04-11 16:21:44.750897
mouse_move,2026-04-11 16:21:44.758180
mouse_move,2026-04-11 16:21:44.765020
mouse_move,2026-04-11 16:21:44.771889
mouse_move,2026-04-11 16:21:44.778926
mouse_move,2026-04-11 16:21:44.785784
mouse_move,2026-04-11 16:21:44.793091
mouse_move,2026-04-11 16:21:44.800101
mouse_move,2026-04-11 16:21:44.807294
mouse_move,2026-04-11 16:21:44.814294
mouse_move,2026-04-11 16:21:44.821323
mouse_move,2026-04-11 16:21:44.828534
mouse_move,2026-04-11 16:21:44.835399
mouse_move,2026-04-11 16:21:44.842152
mouse_move,2026-04-11 16:21:44.849478
mouse_move,2026-04-11 16:21:44.855781
mouse_move,2026-04-11 16:21:44.863537
mouse_move,2026-04-11 16:21:44.870239
mouse_move,2026-04-11 16:21:44.877332
mouse_move,2026-04-11 16:21:44.884577
mouse_move,2026-04-11 16:21:44.891453
mouse_move,2026-04-11 16:21:44.898301
mouse_move,2026-04-11 16:21:44.905273
mouse_move,2026-04-11 16:21:44.911891
mouse_move,2026-04-11 16:21:44.919439
mouse_move,2026-04-11 16:21:44.926035
mouse_move,2026-04-11 16:21:44.933649
mouse_move,2026-04-11 16:21:44.940732
mouse_move,2026-04-11 16:21:44.948031
mouse_move,2026-04-11 16:21:44.954949
mouse_move,2026-04-11 16:21:44.962170
mouse_move,2026-04-11 16:21:44.968879
mouse_move,2026-04-11 16:21:44.975394
mouse_move,2026-04-11 16:21:44.982856
mouse_move,2026-04-11 16:21:44.989798
mouse_move,2026-04-11 16:21:44.996862
mouse_move,2026-04-11 16:21:45.003797
mouse_move,2026-04-11 16:21:45.010954
mouse_move,2026-04-11 16:21:45.017695
mouse_move,2026-04-11 16:21:45.024735
mouse_move,2026-04-11 16:21:45.032381
mouse_move,2026-04-11 16:21:45.039216
mouse_move,2026-04-11 16:21:45.045997
mouse_move,2026-04-11 16:21:45.052724
mouse_move,2026-04-11 16:21:45.059462
mouse_move,2026-04-11 16:21:45.064704
mouse_move,2026-04-11 16:21:46.268145
mouse_move,2026-04-11 16:21:46.274819
mouse_move,2026-04-11 16:21:46.282419
mouse_move,2026-04-11 16:21:46.288545
mouse_move,2026-04-11 16:21:46.296397
mouse_move,2026-04-11 16:21:46.303422
mouse_move,2026-04-11 16:21:46.309834
mouse_move,2026-04-11 16:21:46.317386
mouse_move,2026-04-11 16:21:46.324061
mouse_move,2026-04-11 16:21:46.331287
mouse_move,2026-04-11 16:21:46.338534
mouse_move,2026-04-11 16:21:46.345327
mouse_move,2026-04-11 16:21:46.352467
mouse_move,2026-04-11 16:21:46.358987
mouse_move,2026-04-11 16:21:46.366074
mouse_move,2026-04-11 16:21:46.373515
mouse_move,2026-04-11 16:21:46.380953
mouse_move,2026-04-11 16:21:46.387689
mouse_move,2026-04-11 16:21:46.394414
mouse_move,2026-04-11 16:21:46.401485
mouse_move,2026-04-11 16:21:46.408373
mouse_move,2026-04-11 16:21:46.415650
mouse_move,2026-04-11 16:21:46.450377
mouse_move,2026-04-11 16:21:46.472128
mouse_move,2026-04-11 16:21:46.478920
mouse_move,2026-04-11 16:21:46.485954
mouse_move,2026-04-11 16:21:46.492575
mouse_move,2026-04-11 16:21:46.499763
mouse_move,2026-04-11 16:21:46.507230
mouse_move,2026-04-11 16:21:46.513288
mouse_move,2026-04-11 16:21:46.521377
mouse_move,2026-04-11 16:21:46.528160
mouse_move,2026-04-11 16:21:46.535163
mouse_move,2026-04-11 16:21:46.542043
mouse_move,2026-04-11 16:21:46.549719
mouse_move,2026-04-11 16:21:46.556385
mouse_move,2026-04-11 16:21:46.563684
mouse_move,2026-04-11 16:21:46.570186
mouse_move,2026-04-11 16:21:46.576942
mouse_move,2026-04-11 16:21:46.584398
mouse_move,2026-04-11 16:21:46.591828
mouse_move,2026-04-11 16:21:46.598431
mouse_move,2026-04-11 16:21:46.605648
mouse_move,2026-04-11 16:21:46.612517
mouse_move,2026-04-11 16:21:46.619233
mouse_move,2026-04-11 16:21:46.625986
mouse_move,2026-04-11 16:21:46.633322
mouse_move,2026-04-11 16:21:46.640581
mouse_move,2026-04-11 16:21:46.647801
mouse_move,2026-04-11 16:21:46.654136
mouse_move,2026-04-11 16:21:46.661566
mouse_move,2026-04-11 16:21:46.669038
mouse_move,2026-04-11 16:21:46.675757
mouse_move,2026-04-11 16:21:46.682780
mouse_move,2026-04-11 16:21:46.690119
mouse_move,2026-04-11 16:21:46.697113
mouse_move,2026-04-11 16:21:46.704276
mouse_move,2026-04-11 16:21:46.711030
mouse_move,2026-04-11 16:21:46.717899
mouse_move,2026-04-11 16:21:46.724934
mouse_move,2026-04-11 16:21:46.731555
mouse_move,2026-04-11 16:21:46.738430
mouse_move,2026-04-11 16:21:46.745569
mouse_move,2026-04-11 16:21:46.753110
mouse_move,2026-04-11 16:21:46.759454
mouse_move,2026-04-11 16:21:46.767198
mouse_move,2026-04-11 16:21:46.774402
mouse_move,2026-04-11 16:21:46.781074
mouse_move,2026-04-11 16:21:46.788011
mouse_move,2026-04-11 16:21:46.795199
mouse_move,2026-04-11 16:21:46.801549
mouse_move,2026-04-11 16:21:46.808798
mouse_move,2026-04-11 16:21:46.816336
mouse_move,2026-04-11 16:21:46.823019
mouse_move,2026-04-11 16:21:46.830048
mouse_move,2026-04-11 16:21:46.836949
mouse_move,2026-04-11 16:21:46.844061
mouse_move,2026-04-11 16:21:46.851537
mouse_move,2026-04-11 16:21:46.858032
mouse_move,2026-04-11 16:21:46.865161
mouse_move,2026-04-11 16:21:46.871669
mouse_move,2026-04-11 16:21:46.879030
mouse_move,2026-04-11 16:21:46.886100
mouse_move,2026-04-11 16:21:46.892677
mouse_move,2026-04-11 16:21:46.899972
mouse_move,2026-04-11 16:21:46.907118
mouse_move,2026-04-11 16:21:46.914194
mouse_move,2026-04-11 16:21:46.919243
mouse_move,2026-04-11 16:21:47.195632
mouse_move,2026-04-11 16:21:47.202730
mouse_move,2026-04-11 16:21:47.209036
mouse_move,2026-04-11 16:21:47.216569
mouse_move,2026-04-11 16:21:47.223384
mouse_move,2026-04-11 16:21:47.230526
mouse_move,2026-04-11 16:21:47.237775
mouse_move,2026-04-11 16:21:47.244390
mouse_move,2026-04-11 16:21:47.251339
mouse_move,2026-04-11 16:21:47.258428
mouse_move,2026-04-11 16:21:47.265627
mouse_move,2026-04-11 16:21:47.272882
mouse_move,2026-04-11 16:21:47.279349
mouse_move,2026-04-11 16:21:47.286572
mouse_move,2026-04-11 16:21:47.293862
mouse_move,2026-04-11 16:21:47.300825
mouse_move,2026-04-11 16:21:47.307585
mouse_move,2026-04-11 16:21:47.314942
mouse_move,2026-04-11 16:21:47.322109
mouse_move,2026-04-11 16:21:47.328570
mouse_move,2026-04-11 16:21:47.336030
mouse_move,2026-04-11 16:21:47.342326
mouse_move,2026-04-11 16:21:47.350179
mouse_move,2026-04-11 16:21:47.356712
mouse_move,2026-04-11 16:21:47.364096
mouse_move,2026-04-11 16:21:47.370638
mouse_move,2026-04-11 16:21:47.377446
mouse_move,2026-04-11 16:21:47.385236
mouse_move,2026-04-11 16:21:47.392092
mouse_move,2026-04-11 16:21:47.399232
mouse_move,2026-04-11 16:21:47.405834
mouse_move,2026-04-11 16:21:47.412889
mouse_move,2026-04-11 16:21:47.420007
mouse_move,2026-04-11 16:21:47.426495
mouse_move,2026-04-11 16:21:47.434483
mouse_move,2026-04-11 16:21:47.441278
mouse_move,2026-04-11 16:21:47.448520
mouse_move,2026-04-11 16:21:47.455281
mouse_move,2026-04-11 16:21:47.461822
mouse_move,2026-04-11 16:21:47.468665
mouse_move,2026-04-11 16:21:47.475663
mouse_move,2026-04-11 16:21:47.482545
mouse_move,2026-04-11 16:21:47.489619
mouse_move,2026-04-11 16:21:47.497529
mouse_move,2026-04-11 16:21:47.504162
mouse_move,2026-04-11 16:21:47.511176
mouse_move,2026-04-11 16:21:47.517801
mouse_move,2026-04-11 16:21:47.525132
mouse_move,2026-04-11 16:21:47.532223
mouse_move,2026-04-11 16:21:47.539506
mouse_move,2026-04-11 16:21:47.546514
mouse_move,2026-04-11 16:21:47.553253
mouse_move,2026-04-11 16:21:47.560117
mouse_move,2026-04-11 16:21:47.567086
mouse_move,2026-04-11 16:21:47.574055
mouse_move,2026-04-11 16:21:47.581160
mouse_move,2026-04-11 16:21:47.587957
mouse_move,2026-04-11 16:21:47.594798
mouse_move,2026-04-11 16:21:47.601864
mouse_move,2026-04-11 16:21:47.609101
mouse_move,2026-04-11 16:21:47.616097
mouse_move,2026-04-11 16:21:47.623042
mouse_move,2026-04-11 16:21:47.629984
mouse_move,2026-04-11 16:21:47.637144
mouse_move,2026-04-11 16:21:47.644313
mouse_move,2026-04-11 16:21:47.651289
mouse_move,2026-04-11 16:21:47.658414
mouse_move,2026-04-11 16:21:47.665331
mouse_move,2026-04-11 16:21:47.672366
mouse_move,2026-04-11 16:21:47.679065
mouse_move,2026-04-11 16:21:47.686548
mouse_move,2026-04-11 16:21:47.692927
mouse_move,2026-04-11 16:21:47.700186
mouse_move,2026-04-11 16:21:47.707702
mouse_move,2026-04-11 16:21:47.714357
mouse_move,2026-04-11 16:21:47.742759
mouse_move,2026-04-11 16:21:47.757401
mouse_move,2026-04-11 16:21:47.763976
mouse_move,2026-04-11 16:21:48.031135
mouse_move,2026-04-11 16:21:48.037795
mouse_move,2026-04-11 16:21:48.044482
mouse_move,2026-04-11 16:21:48.051902
mouse_move,2026-04-11 16:21:48.058728
mouse_move,2026-04-11 16:21:48.065269
mouse_move,2026-04-11 16:21:48.073456
mouse_move,2026-04-11 16:21:48.079708
mouse_move,2026-04-11 16:21:48.087051
mouse_move,2026-04-11 16:21:48.093620
mouse_move,2026-04-11 16:21:48.101353
mouse_move,2026-04-11 16:21:48.108671
mouse_move,2026-04-11 16:21:48.115365
mouse_move,2026-04-11 16:21:48.122718
mouse_move,2026-04-11 16:21:48.129083
mouse_move,2026-04-11 16:21:48.136234
mouse_move,2026-04-11 16:21:48.142754
mouse_move,2026-04-11 16:21:48.148416
mouse_move,2026-04-11 16:21:49.963361
mouse_move,2026-04-11 16:21:49.969947
mouse_move,2026-04-11 16:21:49.977039
mouse_move,2026-04-11 16:21:49.983570
mouse_move,2026-04-11 16:21:49.991105
mouse_move,2026-04-11 16:21:49.998102
mouse_move,2026-04-11 16:21:50.005331
mouse_move,2026-04-11 16:21:50.011775
mouse_move,2026-04-11 16:21:50.018980
mouse_move,2026-04-11 16:21:50.025694
mouse_move,2026-04-11 16:21:50.033411
mouse_move,2026-04-11 16:21:50.040102
mouse_move,2026-04-11 16:21:50.047650
mouse_move,2026-04-11 16:21:50.054259
mouse_move,2026-04-11 16:21:50.061519
mouse_move,2026-04-11 16:21:50.068307
mouse_move,2026-04-11 16:21:50.075373
mouse_move,2026-04-11 16:21:50.082442
mouse_move,2026-04-11 16:21:50.089708
mouse_move,2026-04-11 16:21:50.096533
mouse_move,2026-04-11 16:21:50.103406
mouse_move,2026-04-11 16:21:50.109870
mouse_move,2026-04-11 16:21:50.117632
mouse_move,2026-04-11 16:21:50.124312
mouse_move,2026-04-11 16:21:50.131748
mouse_move,2026-04-11 16:21:50.138418
mouse_move,2026-04-11 16:21:50.145203
mouse_move,2026-04-11 16:21:50.152489
mouse_move,2026-04-11 16:21:50.159508
mouse_move,2026-04-11 16:21:50.166590
mouse_move,2026-04-11 16:21:50.173778
mouse_move,2026-04-11 16:21:50.258423
mouse_move,2026-04-11 16:21:50.265284
mouse_move,2026-04-11 16:21:50.278695
mouse_move,2026-04-11 16:21:50.286048
mouse_move,2026-04-11 16:21:50.292337
mouse_move,2026-04-11 16:21:50.299722
mouse_move,2026-04-11 16:21:50.306806
mouse_move,2026-04-11 16:21:50.314303
mouse_move,2026-04-11 16:21:50.321063
mouse_move,2026-04-11 16:21:50.328003
mouse_move,2026-04-11 16:21:50.335006
mouse_move,2026-04-11 16:21:50.342285
mouse_move,2026-04-11 16:21:50.348827
mouse_move,2026-04-11 16:21:50.356415
mouse_move,2026-04-11 16:21:50.363360
mouse_move,2026-04-11 16:21:50.370444
mouse_move,2026-04-11 16:21:50.377054
mouse_move,2026-04-11 16:21:50.384860
mouse_move,2026-04-11 16:21:50.391128
mouse_move,2026-04-11 16:21:50.398744
mouse_move,2026-04-11 16:21:50.405061
mouse_move,2026-04-11 16:21:50.412545
mouse_move,2026-04-11 16:21:50.419183
mouse_move,2026-04-11 16:21:50.426249
mouse_move,2026-04-11 16:21:50.433518
mouse_move,2026-04-11 16:21:50.440984
mouse_move,2026-04-11 16:21:50.447493
mouse_move,2026-04-11 16:21:50.454788
mouse_move,2026-04-11 16:21:50.461731
mouse_move,2026-04-11 16:21:50.469024
mouse_move,2026-04-11 16:21:50.475331
mouse_move,2026-04-11 16:21:50.482328
mouse_move,2026-04-11 16:21:50.489145
mouse_move,2026-04-11 16:21:50.497175
mouse_move,2026-04-11 16:21:50.503817
mouse_move,2026-04-11 16:21:50.510812
mouse_move,2026-04-11 16:21:50.517622
mouse_move,2026-04-11 16:21:50.524695
mouse_move,2026-04-11 16:21:50.531606
mouse_move,2026-04-11 16:21:50.538830
mouse_move,2026-04-11 16:21:50.545564
mouse_move,2026-04-11 16:21:50.552496
mouse_move,2026-04-11 16:21:50.559322
mouse_move,2026-04-11 16:21:50.567192
mouse_move,2026-04-11 16:21:50.573537
mouse_move,2026-04-11 16:21:50.580912
mouse_move,2026-04-11 16:21:50.587798
mouse_move,2026-04-11 16:21:50.594983
mouse_move,2026-04-11 16:21:50.601937
mouse_move,2026-04-11 16:21:50.608964
mouse_move,2026-04-11 16:21:50.629861
mouse_move,2026-04-11 16:21:50.665851
mouse_move,2026-04-11 16:21:50.700768
mouse_move,2026-04-11 16:21:50.707596
mouse_move,2026-04-11 16:21:50.714355
mouse_move,2026-04-11 16:21:50.721784
mouse_move,2026-04-11 16:21:50.728193
mouse_move,2026-04-11 16:21:50.735439
mouse_move,2026-04-11 16:21:50.742014
mouse_move,2026-04-11 16:21:50.749737
mouse_move,2026-04-11 16:21:50.756399
mouse_move,2026-04-11 16:21:50.764069
mouse_move,2026-04-11 16:21:50.770546
mouse_move,2026-04-11 16:21:50.777759
mouse_move,2026-04-11 16:21:50.784521
mouse_move,2026-04-11 16:21:50.791937
mouse_move,2026-04-11 16:21:50.798635
mouse_move,2026-04-11 16:21:50.806337
mouse_move,2026-04-11 16:21:50.813183
mouse_move,2026-04-11 16:21:50.820360
mouse_move,2026-04-11 16:21:50.826456
mouse_move,2026-04-11 16:21:50.834354
mouse_move,2026-04-11 16:21:50.841115
mouse_move,2026-04-11 16:21:50.847831
mouse_move,2026-04-11 16:21:50.855004
mouse_move,2026-04-11 16:21:50.861937
mouse_move,2026-04-11 16:21:50.868722
mouse_move,2026-04-11 16:21:50.882591
mouse_move,2026-04-11 16:21:50.890464
mouse_move,2026-04-11 16:21:50.910930
mouse_move,2026-04-11 16:21:50.925181
mouse_move,2026-04-11 16:21:50.939149
mouse_move,2026-04-11 16:21:50.946096
mouse_move,2026-04-11 16:21:50.952936
mouse_move,2026-04-11 16:21:50.959717
mouse_move,2026-04-11 16:21:50.967103
mouse_move,2026-04-11 16:21:50.974436
mouse_move,2026-04-11 16:21:50.981250
mouse_move,2026-04-11 16:21:50.988422
mouse_move,2026-04-11 16:21:50.994807
mouse_move,2026-04-11 16:21:51.002648
mouse_move,2026-04-11 16:21:51.008757
mouse_move,2026-04-11 16:21:51.016527
mouse_move,2026-04-11 16:21:51.023463
mouse_move,2026-04-11 16:21:51.030645
mouse_move,2026-04-11 16:21:51.037394
mouse_move,2026-04-11 16:21:51.044102
mouse_move,2026-04-11 16:21:51.051399
mouse_move,2026-04-11 16:21:51.058438
mouse_move,2026-04-11 16:21:51.065502
mouse_move,2026-04-11 16:21:51.072892
mouse_move,2026-04-11 16:21:51.079701
mouse_move,2026-04-11 16:21:51.086922
mouse_move,2026-04-11 16:21:51.093227
mouse_move,2026-04-11 16:21:51.100641
mouse_move,2026-04-11 16:21:51.107092
mouse_move,2026-04-11 16:21:51.114714
mouse_move,2026-04-11 16:21:51.121470
mouse_move,2026-04-11 16:21:51.128889
mouse_move,2026-04-11 16:21:51.135530
mouse_move,2026-04-11 16:21:51.142480
mouse_move,2026-04-11 16:21:51.149542
mouse_move,2026-04-11 16:21:51.156949
mouse_move,2026-04-11 16:21:51.163643
mouse_move,2026-04-11 16:21:51.171157
mouse_move,2026-04-11 16:21:51.177750
mouse_move,2026-04-11 16:21:51.184949
mouse_move,2026-04-11 16:21:51.191864
mouse_move,2026-04-11 16:21:51.199026
mouse_move,2026-04-11 16:21:51.206090
mouse_move,2026-04-11 16:21:51.213191
mouse_move,2026-04-11 16:21:51.220240
mouse_move,2026-04-11 16:21:51.234074
mouse_move,2026-04-11 16:21:51.241295
mouse_move,2026-04-11 16:21:51.275867
mouse_move,2026-04-11 16:21:51.283882
mouse_move,2026-04-11 16:21:51.289933
mouse_move,2026-04-11 16:21:51.297754
mouse_move,2026-04-11 16:21:51.303916
mouse_move,2026-04-11 16:21:51.311269
mouse_move,2026-04-11 16:21:51.318095
mouse_move,2026-04-11 16:21:51.325504
mouse_move,2026-04-11 16:21:51.332301
mouse_move,2026-04-11 16:21:51.339669
mouse_move,2026-04-11 16:21:51.346100
mouse_move,2026-04-11 16:21:51.353689
mouse_move,2026-04-11 16:21:51.359809
mouse_move,2026-04-11 16:21:51.367900
mouse_move,2026-04-11 16:21:51.374438
mouse_move,2026-04-11 16:21:51.381389
mouse_move,2026-04-11 16:21:51.395936
mouse_move,2026-04-11 16:21:51.402796
mouse_move,2026-04-11 16:21:51.409656
mouse_move,2026-04-11 16:21:51.416431
mouse_move,2026-04-11 16:21:51.424122
mouse_move,2026-04-11 16:21:51.430670
mouse_move,2026-04-11 16:21:51.437920
mouse_move,2026-04-11 16:21:51.444244
mouse_move,2026-04-11 16:21:51.452244
mouse_move,2026-04-11 16:21:51.458801
mouse_move,2026-04-11 16:21:51.466144
mouse_move,2026-04-11 16:21:51.472698
mouse_move,2026-04-11 16:21:51.480055
mouse_move,2026-04-11 16:21:51.487027
mouse_move,2026-04-11 16:21:51.494011
mouse_move,2026-04-11 16:21:51.500428
mouse_move,2026-04-11 16:21:51.508193
mouse_move,2026-04-11 16:21:51.514878
mouse_move,2026-04-11 16:21:51.521739
mouse_move,2026-04-11 16:21:51.564506
mouse_move,2026-04-11 16:21:51.570923
mouse_move,2026-04-11 16:21:51.578262
mouse_move,2026-04-11 16:21:51.585251
mouse_move,2026-04-11 16:21:51.592028
mouse_move,2026-04-11 16:21:51.599553
mouse_move,2026-04-11 16:21:51.606876
mouse_move,2026-04-11 16:21:51.613396
mouse_move,2026-04-11 16:21:51.620640
mouse_move,2026-04-11 16:21:51.627475
mouse_move,2026-04-11 16:21:51.634536
mouse_move,2026-04-11 16:21:51.641329
mouse_move,2026-04-11 16:21:51.648696
mouse_move,2026-04-11 16:21:51.655674
mouse_move,2026-04-11 16:21:51.662922
mouse_move,2026-04-11 16:21:51.669603
mouse_move,2026-04-11 16:21:51.676709
mouse_move,2026-04-11 16:21:51.683625
mouse_move,2026-04-11 16:21:51.691096
mouse_move,2026-04-11 16:21:51.697997
mouse_move,2026-04-11 16:21:51.705093
mouse_move,2026-04-11 16:21:51.711710
mouse_move,2026-04-11 16:21:51.719085
mouse_move,2026-04-11 16:21:51.725471
mouse_move,2026-04-11 16:21:51.733092
mouse_move,2026-04-11 16:21:51.739838
mouse_move,2026-04-11 16:21:51.747171
mouse_move,2026-04-11 16:21:51.754010
mouse_move,2026-04-11 16:21:51.761187
mouse_move,2026-04-11 16:21:51.767658
mouse_move,2026-04-11 16:21:51.775504
mouse_move,2026-04-11 16:21:51.781847
mouse_move,2026-04-11 16:21:51.789223
mouse_move,2026-04-11 16:21:51.795772
mouse_move,2026-04-11 16:21:51.803623
mouse_move,2026-04-11 16:21:51.810157
mouse_move,2026-04-11 16:21:51.817707
mouse_move,2026-04-11 16:21:51.824378
mouse_move,2026-04-11 16:21:51.831476
mouse_move,2026-04-11 16:21:51.838195
mouse_move,2026-04-11 16:21:51.845654
mouse_move,2026-04-11 16:21:51.851936
mouse_move,2026-04-11 16:21:51.859166
mouse_move,2026-04-11 16:21:51.866228
mouse_move,2026-04-11 16:21:51.873826
mouse_move,2026-04-11 16:21:51.880651
mouse_move,2026-04-11 16:21:51.887991
mouse_move,2026-04-11 16:21:51.894444
mouse_move,2026-04-11 16:21:51.901726
mouse_move,2026-04-11 16:21:51.908219
mouse_move,2026-04-11 16:21:51.915788
mouse_move,2026-04-11 16:21:51.922261
mouse_move,2026-04-11 16:21:51.929893
mouse_move,2026-04-11 16:21:51.936806
mouse_move,2026-04-11 16:21:51.943741
mouse_move,2026-04-11 16:21:51.950562
mouse_move,2026-04-11 16:21:51.957951
mouse_move,2026-04-11 16:21:51.964910
mouse_move,2026-04-11 16:21:51.972241
mouse_move,2026-04-11 16:21:51.978623
mouse_move,2026-04-11 16:21:51.985918
mouse_move,2026-04-11 16:21:51.992101
mouse_move,2026-04-11 16:21:51.999926
mouse_move,2026-04-11 16:21:52.006637
mouse_move,2026-04-11 16:21:52.013651
mouse_move,2026-04-11 16:21:52.020814
mouse_move,2026-04-11 16:21:52.028141
mouse_move,2026-04-11 16:21:52.035185
mouse_move,2026-04-11 16:21:52.042125
mouse_move,2026-04-11 16:21:52.049204
mouse_move,2026-04-11 16:21:52.056035
mouse_move,2026-04-11 16:21:52.062730
mouse_move,2026-04-11 16:21:52.070161
mouse_move,2026-04-11 16:21:52.076768
mouse_move,2026-04-11 16:21:52.084452
mouse_move,2026-04-11 16:21:52.091146
mouse_move,2026-04-11 16:21:52.098577
mouse_move,2026-04-11 16:21:52.105094
mouse_move,2026-04-11 16:21:52.112586
mouse_move,2026-04-11 16:21:52.119253
mouse_move,2026-04-11 16:21:52.126371
mouse_move,2026-04-11 16:21:52.133477
mouse_move,2026-04-11 16:21:52.140591
mouse_move,2026-04-11 16:21:52.147364
mouse_move,2026-04-11 16:21:52.154630
mouse_move,2026-04-11 16:21:52.161107
mouse_move,2026-04-11 16:21:52.168650
mouse_move,2026-04-11 16:21:52.175246
mouse_move,2026-04-11 16:21:52.182618
mouse_move,2026-04-11 16:21:52.189348
mouse_move,2026-04-11 16:21:52.196353
mouse_move,2026-04-11 16:21:52.203884
mouse_move,2026-04-11 16:21:52.210976
mouse_move,2026-04-11 16:21:52.217539
mouse_move,2026-04-11 16:21:52.224759
mouse_move,2026-04-11 16:21:52.231664
mouse_move,2026-04-11 16:21:52.238788
mouse_move,2026-04-11 16:21:52.245259
mouse_move,2026-04-11 16:21:52.252938
mouse_move,2026-04-11 16:21:52.259091
mouse_move,2026-04-11 16:21:52.266783
mouse_move,2026-04-11 16:21:52.273485
mouse_move,2026-04-11 16:21:52.280854
mouse_move,2026-04-11 16:21:52.287541
mouse_move,2026-04-11 16:21:52.294633
mouse_move,2026-04-11 16:21:52.301637
mouse_move,2026-04-11 16:21:52.308746
mouse_move,2026-04-11 16:21:52.315941
mouse_move,2026-04-11 16:21:52.322712
mouse_move,2026-04-11 16:21:52.329642
mouse_move,2026-04-11 16:21:52.336864
mouse_move,2026-04-11 16:21:52.343289
mouse_move,2026-04-11 16:21:52.351136
mouse_move,2026-04-11 16:21:52.357830
mouse_move,2026-04-11 16:21:52.365052
mouse_move,2026-04-11 16:21:52.369899
mouse_move,2026-04-11 16:21:54.220817
mouse_move,2026-04-11 16:21:54.226668
mouse_move,2026-04-11 16:21:54.234102
mouse_move,2026-04-11 16:21:54.240942
mouse_move,2026-04-11 16:21:54.248520
mouse_move,2026-04-11 16:21:54.255573
mouse_move,2026-04-11 16:21:54.262536
mouse_move,2026-04-11 16:21:54.269051
mouse_move,2026-04-11 16:21:54.275832
mouse_move,2026-04-11 16:21:54.282761
mouse_move,2026-04-11 16:21:54.290115
mouse_move,2026-04-11 16:21:54.297341
mouse_move,2026-04-11 16:21:54.304613
mouse_move,2026-04-11 16:21:54.311328
mouse_move,2026-04-11 16:21:54.318752
mouse_move,2026-04-11 16:21:54.325298
mouse_move,2026-04-11 16:21:54.332614
mouse_move,2026-04-11 16:21:54.339566
mouse_move,2026-04-11 16:21:54.346515
mouse_move,2026-04-11 16:21:54.353509
mouse_move,2026-04-11 16:21:54.360294
mouse_move,2026-04-11 16:21:54.367500
mouse_move,2026-04-11 16:21:54.374948
mouse_move,2026-04-11 16:21:54.381440
mouse_move,2026-04-11 16:21:54.389030
mouse_move,2026-04-11 16:21:54.395860
mouse_move,2026-04-11 16:21:54.402853
mouse_move,2026-04-11 16:21:54.409302
mouse_move,2026-04-11 16:21:54.417059
mouse_move,2026-04-11 16:21:54.423677
mouse_move,2026-04-11 16:21:54.431215
mouse_move,2026-04-11 16:21:54.437824
mouse_move,2026-04-11 16:21:54.444740
mouse_move,2026-04-11 16:21:54.451553
mouse_move,2026-04-11 16:21:54.458655
mouse_move,2026-04-11 16:21:54.465656
mouse_move,2026-04-11 16:21:54.473204
mouse_move,2026-04-11 16:21:54.521759
mouse_move,2026-04-11 16:21:54.543134
mouse_move,2026-04-11 16:21:54.556956
mouse_move,2026-04-11 16:21:54.561935
mouse_move,2026-04-11 16:21:54.901946
mouse_move,2026-04-11 16:21:54.908819
mouse_move,2026-04-11 16:21:54.914722
mouse_move,2026-04-11 16:21:54.922926
mouse_move,2026-04-11 16:21:54.929424
mouse_move,2026-04-11 16:21:54.937016
mouse_move,2026-04-11 16:21:54.943487
mouse_move,2026-04-11 16:21:54.950803
mouse_move,2026-04-11 16:21:54.957631
mouse_move,2026-04-11 16:21:54.965382
mouse_move,2026-04-11 16:21:54.971867
mouse_move,2026-04-11 16:21:54.978656
mouse_move,2026-04-11 16:21:54.985536
mouse_move,2026-04-11 16:21:54.992715
mouse_move,2026-04-11 16:21:54.999855
mouse_move,2026-04-11 16:21:55.007256
mouse_move,2026-04-11 16:21:55.013851
mouse_move,2026-04-11 16:21:55.021002
mouse_move,2026-04-11 16:21:55.027879
mouse_move,2026-04-11 16:21:55.035139
mouse_move,2026-04-11 16:21:55.041854
mouse_move,2026-04-11 16:21:55.049266
mouse_move,2026-04-11 16:21:55.056029
mouse_move,2026-04-11 16:21:55.063186
mouse_move,2026-04-11 16:21:55.070279
mouse_move,2026-04-11 16:21:55.077268
mouse_move,2026-04-11 16:21:55.083785
mouse_move,2026-04-11 16:21:55.091190
mouse_move,2026-04-11 16:21:55.097749
mouse_move,2026-04-11 16:21:55.105475
mouse_move,2026-04-11 16:21:55.112001
mouse_move,2026-04-11 16:21:55.119527
mouse_move,2026-04-11 16:21:55.125939
mouse_move,2026-04-11 16:21:55.133919
mouse_move,2026-04-11 16:21:55.140200
mouse_move,2026-04-11 16:21:55.147718
mouse_move,2026-04-11 16:21:55.154187
mouse_move,2026-04-11 16:21:55.161336
mouse_move,2026-04-11 16:21:55.168140
mouse_move,2026-04-11 16:21:55.175194
mouse_move,2026-04-11 16:21:55.182368
mouse_move,2026-04-11 16:21:55.189318
mouse_move,2026-04-11 16:21:55.196188
mouse_move,2026-04-11 16:21:55.203201
mouse_move,2026-04-11 16:21:55.209602
mouse_move,2026-04-11 16:21:55.217639
mouse_move,2026-04-11 16:21:55.223995
mouse_move,2026-04-11 16:21:55.231148
mouse_move,2026-04-11 16:21:55.236179
mouse_move,2026-04-11 16:21:56.762980
mouse_move,2026-04-11 16:21:56.769810
mouse_move,2026-04-11 16:21:56.776591
mouse_move,2026-04-11 16:21:56.784138
mouse_move,2026-04-11 16:21:56.791350
mouse_move,2026-04-11 16:21:56.798142
mouse_move,2026-04-11 16:21:56.805343
mouse_move,2026-04-11 16:21:56.811157
mouse_move,2026-04-11 16:21:56.818652
mouse_move,2026-04-11 16:21:56.825543
mouse_move,2026-04-11 16:21:56.833278
mouse_move,2026-04-11 16:21:56.839795
mouse_move,2026-04-11 16:21:56.847292
mouse_move,2026-04-11 16:21:56.851889
mouse_move,2026-04-11 16:21:57.915353
mouse_move,2026-04-11 16:21:57.922062
mouse_move,2026-04-11 16:21:57.929022
mouse_move,2026-04-11 16:21:57.936041
mouse_move,2026-04-11 16:21:57.942834
mouse_move,2026-04-11 16:21:57.950146
mouse_move,2026-04-11 16:21:57.957383
mouse_move,2026-04-11 16:21:57.963878
mouse_move,2026-04-11 16:21:57.971389
mouse_move,2026-04-11 16:21:57.977521
mouse_move,2026-04-11 16:21:57.985454
mouse_move,2026-04-11 16:21:57.991850
mouse_move,2026-04-11 16:21:57.999548
mouse_move,2026-04-11 16:21:58.006068
mouse_move,2026-04-11 16:21:58.012993
mouse_move,2026-04-11 16:21:58.020477
mouse_move,2026-04-11 16:21:58.027761
mouse_move,2026-04-11 16:21:58.034390
mouse_move,2026-04-11 16:21:58.041461
mouse_move,2026-04-11 16:21:58.048284
mouse_move,2026-04-11 16:21:58.055644
mouse_move,2026-04-11 16:21:58.062354
mouse_move,2026-04-11 16:21:58.069597
mouse_move,2026-04-11 16:21:58.076022
mouse_move,2026-04-11 16:21:58.083593
mouse_move,2026-04-11 16:21:58.090515
mouse_move,2026-04-11 16:21:58.097649
mouse_move,2026-04-11 16:21:58.104590
mouse_move,2026-04-11 16:21:58.111586
mouse_move,2026-04-11 16:21:58.118373
mouse_move,2026-04-11 16:21:58.125809
mouse_move,2026-04-11 16:21:58.132135
mouse_move,2026-04-11 16:21:58.139977
mouse_move,2026-04-11 16:21:58.146668
mouse_move,2026-04-11 16:21:58.153931
mouse_move,2026-04-11 16:21:58.160225
mouse_move,2026-04-11 16:21:58.168126
mouse_move,2026-04-11 16:21:58.174607
mouse_move,2026-04-11 16:21:58.182244
mouse_move,2026-04-11 16:21:58.188844
mouse_move,2026-04-11 16:21:58.196115
mouse_move,2026-04-11 16:21:58.202572
mouse_move,2026-04-11 16:21:58.210013
mouse_move,2026-04-11 16:21:58.216555
mouse_move,2026-04-11 16:21:58.237998
mouse_move,2026-04-11 16:21:58.244922
mouse_move,2026-04-11 16:21:58.252404
mouse_move,2026-04-11 16:21:58.258274
mouse_move,2026-04-11 16:21:58.266507
mouse_move,2026-04-11 16:21:58.272968
mouse_move,2026-04-11 16:21:58.280349
mouse_move,2026-04-11 16:21:58.286817
mouse_move,2026-04-11 16:21:58.293975
mouse_move,2026-04-11 16:21:58.301150
mouse_move,2026-04-11 16:21:58.308245
mouse_move,2026-04-11 16:21:58.315379
mouse_move,2026-04-11 16:21:58.322471
mouse_move,2026-04-11 16:21:58.329577
mouse_move,2026-04-11 16:21:58.336828
mouse_move,2026-04-11 16:21:58.343054
mouse_move,2026-04-11 16:21:58.350772
mouse_move,2026-04-11 16:21:58.357651
mouse_move,2026-04-11 16:21:58.364921
mouse_move,2026-04-11 16:21:58.371310
mouse_move,2026-04-11 16:21:58.378917
mouse_move,2026-04-11 16:21:58.385420
mouse_move,2026-04-11 16:21:58.393137
mouse_move,2026-04-11 16:21:58.399756
mouse_move,2026-04-11 16:21:58.407721
mouse_move,2026-04-11 16:21:58.414001
mouse_move,2026-04-11 16:21:58.421078
mouse_move,2026-04-11 16:21:58.427500
mouse_move,2026-04-11 16:21:58.435231
mouse_move,2026-04-11 16:21:58.442100
mouse_move,2026-04-11 16:21:58.449183
mouse_move,2026-04-11 16:21:58.455837
mouse_move,2026-04-11 16:21:58.463499
mouse_move,2026-04-11 16:21:58.470132
mouse_move,2026-04-11 16:21:58.476730
mouse_move,2026-04-11 16:21:58.484161
mouse_move,2026-04-11 16:21:58.491436
mouse_move,2026-04-11 16:21:58.497917
mouse_move,2026-04-11 16:21:58.505522
mouse_move,2026-04-11 16:21:58.512108
mouse_move,2026-04-11 16:21:58.519308
mouse_move,2026-04-11 16:21:58.526183
mouse_move,2026-04-11 16:21:58.533866
mouse_move,2026-04-11 16:21:58.540028
mouse_move,2026-04-11 16:21:58.547602
mouse_move,2026-04-11 16:21:58.554159
mouse_move,2026-04-11 16:21:58.561494
mouse_move,2026-04-11 16:21:58.568500
mouse_move,2026-04-11 16:21:58.575209
mouse_move,2026-04-11 16:21:58.582606
mouse_move,2026-04-11 16:21:58.589575
mouse_move,2026-04-11 16:21:58.596588
mouse_move,2026-04-11 16:21:58.603893
mouse_move,2026-04-11 16:21:58.610089
mouse_move,2026-04-11 16:21:58.617987
mouse_move,2026-04-11 16:21:58.624295
mouse_move,2026-04-11 16:21:58.631691
mouse_move,2026-04-11 16:21:58.638933
mouse_move,2026-04-11 16:21:58.645685
mouse_move,2026-04-11 16:21:58.652436
mouse_move,2026-04-11 16:21:58.659667
mouse_move,2026-04-11 16:21:58.666422
mouse_move,2026-04-11 16:21:58.674277
mouse_move,2026-04-11 16:21:58.681121
mouse_move,2026-04-11 16:21:58.687933
mouse_move,2026-04-11 16:21:58.694755
mouse_move,2026-04-11 16:21:58.702313
mouse_move,2026-04-11 16:21:58.708700
mouse_move,2026-04-11 16:21:58.715823
mouse_move,2026-04-11 16:21:58.723082
mouse_move,2026-04-11 16:21:58.730430
mouse_move,2026-04-11 16:21:58.736946
mouse_move,2026-04-11 16:21:58.743758
mouse_move,2026-04-11 16:21:58.750970
mouse_move,2026-04-11 16:21:58.758642
mouse_move,2026-04-11 16:21:58.765585
mouse_move,2026-04-11 16:21:58.772502
mouse_move,2026-04-11 16:21:58.778576
mouse_move,2026-04-11 16:21:58.786634
mouse_move,2026-04-11 16:21:58.792896
mouse_move,2026-04-11 16:21:58.800557
mouse_move,2026-04-11 16:21:58.807409
mouse_move,2026-04-11 16:21:58.814747
mouse_move,2026-04-11 16:21:58.821246
mouse_move,2026-04-11 16:21:58.828132
mouse_move,2026-04-11 16:21:58.835302
mouse_move,2026-04-11 16:21:58.842562
mouse_move,2026-04-11 16:21:58.849533
mouse_move,2026-04-11 16:21:58.856991
mouse_move,2026-04-11 16:21:58.863537
mouse_move,2026-04-11 16:21:58.870849
mouse_move,2026-04-11 16:21:58.877245
mouse_move,2026-04-11 16:21:58.884423
mouse_move,2026-04-11 16:21:58.898766
mouse_move,2026-04-11 16:21:58.905653
mouse_move,2026-04-11 16:21:58.913100
mouse_move,2026-04-11 16:21:58.919522
mouse_move,2026-04-11 16:21:58.926425
mouse_move,2026-04-11 16:21:58.933804
mouse_move,2026-04-11 16:21:58.941454
mouse_move,2026-04-11 16:21:58.947411
mouse_move,2026-04-11 16:21:58.955138
mouse_move,2026-04-11 16:21:58.961598
mouse_move,2026-04-11 16:21:58.968824
mouse_move,2026-04-11 16:21:58.975260
mouse_move,2026-04-11 16:21:58.983106
mouse_move,2026-04-11 16:21:58.989268
mouse_move,2026-04-11 16:21:58.996678
mouse_move,2026-04-11 16:21:59.003661
mouse_move,2026-04-11 16:21:59.010495
mouse_move,2026-04-11 16:21:59.018119
mouse_move,2026-04-11 16:21:59.025012
mouse_move,2026-04-11 16:21:59.032319
mouse_move,2026-04-11 16:21:59.039173
mouse_move,2026-04-11 16:21:59.045938
mouse_move,2026-04-11 16:21:59.053195
mouse_move,2026-04-11 16:21:59.059915
mouse_move,2026-04-11 16:21:59.067291
mouse_move,2026-04-11 16:21:59.074189
mouse_move,2026-04-11 16:21:59.081660
mouse_move,2026-04-11 16:21:59.096109
mouse_move,2026-04-11 16:21:59.102519
mouse_move,2026-04-11 16:21:59.109361
mouse_move,2026-04-11 16:21:59.116298
mouse_move,2026-04-11 16:21:59.122916
mouse_move,2026-04-11 16:21:59.130206
mouse_move,2026-04-11 16:21:59.137676
mouse_move,2026-04-11 16:21:59.143761
mouse_move,2026-04-11 16:21:59.151650
mouse_move,2026-04-11 16:21:59.158261
mouse_move,2026-04-11 16:21:59.165850
mouse_move,2026-04-11 16:21:59.172632
mouse_move,2026-04-11 16:21:59.179408
mouse_move,2026-04-11 16:21:59.186380
mouse_move,2026-04-11 16:21:59.193317
mouse_move,2026-04-11 16:21:59.200327
mouse_move,2026-04-11 16:21:59.207648
mouse_move,2026-04-11 16:21:59.214613
mouse_move,2026-04-11 16:21:59.221888
mouse_move,2026-04-11 16:21:59.228138
mouse_move,2026-04-11 16:21:59.235895
mouse_move,2026-04-11 16:21:59.242399
mouse_move,2026-04-11 16:21:59.250030
mouse_move,2026-04-11 16:21:59.256652
mouse_move,2026-04-11 16:21:59.263902
mouse_move,2026-04-11 16:21:59.270545
mouse_move,2026-04-11 16:21:59.277483
mouse_move,2026-04-11 16:21:59.284841
mouse_move,2026-04-11 16:21:59.291567
mouse_move,2026-04-11 16:21:59.299004
mouse_move,2026-04-11 16:21:59.306039
mouse_move,2026-04-11 16:21:59.312979
mouse_move,2026-04-11 16:21:59.320278
mouse_move,2026-04-11 16:21:59.326575
mouse_move,2026-04-11 16:21:59.334299
mouse_move,2026-04-11 16:21:59.341335
mouse_move,2026-04-11 16:21:59.348766
mouse_move,2026-04-11 16:21:59.355104
mouse_move,2026-04-11 16:21:59.362535
mouse_move,2026-04-11 16:21:59.369185
mouse_move,2026-04-11 16:21:59.376083
mouse_move,2026-04-11 16:21:59.383615
mouse_move,2026-04-11 16:21:59.390738
mouse_move,2026-04-11 16:21:59.397345
mouse_move,2026-04-11 16:21:59.404113
mouse_move,2026-04-11 16:21:59.411020
mouse_move,2026-04-11 16:21:59.418614
mouse_move,2026-04-11 16:21:59.425469
mouse_move,2026-04-11 16:21:59.432722
mouse_move,2026-04-11 16:21:59.439070
mouse_move,2026-04-11 16:21:59.446385
mouse_move,2026-04-11 16:21:59.453620
mouse_move,2026-04-11 16:21:59.460677
mouse_move,2026-04-11 16:21:59.468183
mouse_move,2026-04-11 16:21:59.475385
mouse_move,2026-04-11 16:21:59.481769
mouse_move,2026-04-11 16:21:59.489106
mouse_move,2026-04-11 16:21:59.495627
mouse_move,2026-04-11 16:21:59.502968
mouse_move,2026-04-11 16:21:59.509522
mouse_move,2026-04-11 16:21:59.517352
mouse_move,2026-04-11 16:21:59.523512
mouse_move,2026-04-11 16:21:59.531425
mouse_move,2026-04-11 16:21:59.538119
mouse_move,2026-04-11 16:21:59.545402
mouse_move,2026-04-11 16:21:59.552100
mouse_move,2026-04-11 16:21:59.559124
mouse_move,2026-04-11 16:21:59.566528
mouse_move,2026-04-11 16:21:59.629910
mouse_move,2026-04-11 16:21:59.650658
mouse_move,2026-04-11 16:21:59.657883
mouse_move,2026-04-11 16:21:59.672247
mouse_move,2026-04-11 16:21:59.678915
mouse_move,2026-04-11 16:21:59.686190
mouse_move,2026-04-11 16:21:59.692472
mouse_move,2026-04-11 16:21:59.700120
mouse_move,2026-04-11 16:21:59.706480
mouse_move,2026-04-11 16:21:59.713703
mouse_move,2026-04-11 16:21:59.720506
mouse_move,2026-04-11 16:21:59.727413
mouse_move,2026-04-11 16:21:59.734618
mouse_move,2026-04-11 16:21:59.741791
mouse_move,2026-04-11 16:21:59.748505
mouse_move,2026-04-11 16:21:59.756000
mouse_move,2026-04-11 16:21:59.762380
mouse_move,2026-04-11 16:21:59.770039
mouse_move,2026-04-11 16:21:59.776453
mouse_move,2026-04-11 16:21:59.783932
mouse_move,2026-04-11 16:21:59.790649
mouse_move,2026-04-11 16:21:59.797688
mouse_move,2026-04-11 16:21:59.804941
mouse_move,2026-04-11 16:21:59.811869
mouse_move,2026-04-11 16:21:59.818415
mouse_move,2026-04-11 16:21:59.825923
mouse_move,2026-04-11 16:21:59.832563
mouse_move,2026-04-11 16:21:59.854756
mouse_move,2026-04-11 16:21:59.889387
mouse_move,2026-04-11 16:21:59.895719
mouse_move,2026-04-11 16:21:59.902642
mouse_move,2026-04-11 16:21:59.908281
mouse_move,2026-04-11 16:22:00.248411
mouse_move,2026-04-11 16:22:00.254122
mouse_move,2026-04-11 16:22:00.261858
mouse_move,2026-04-11 16:22:00.268797
mouse_move,2026-04-11 16:22:00.275944
mouse_move,2026-04-11 16:22:00.282526
mouse_move,2026-04-11 16:22:00.289834
mouse_move,2026-04-11 16:22:00.296354
mouse_move,2026-04-11 16:22:00.303629
mouse_move,2026-04-11 16:22:00.310727
mouse_move,2026-04-11 16:22:00.318118
mouse_move,2026-04-11 16:22:00.324863
mouse_move,2026-04-11 16:22:00.332559
mouse_move,2026-04-11 16:22:00.338804
mouse_move,2026-04-11 16:22:00.345921
mouse_move,2026-04-11 16:22:00.352675
mouse_move,2026-04-11 16:22:00.359494
mouse_move,2026-04-11 16:22:00.366633
mouse_move,2026-04-11 16:22:00.374039
mouse_move,2026-04-11 16:22:00.380484
mouse_move,2026-04-11 16:22:00.388367
mouse_move,2026-04-11 16:22:00.395202
mouse_move,2026-04-11 16:22:00.402473
mouse_move,2026-04-11 16:22:00.408716
mouse_move,2026-04-11 16:22:00.416081
mouse_move,2026-04-11 16:22:00.422928
mouse_move,2026-04-11 16:22:00.430240
mouse_move,2026-04-11 16:22:00.436658
mouse_move,2026-04-11 16:22:00.443802
mouse_move,2026-04-11 16:22:00.451064
mouse_move,2026-04-11 16:22:00.458307
mouse_move,2026-04-11 16:22:00.465027
mouse_move,2026-04-11 16:22:00.472655
mouse_move,2026-04-11 16:22:00.478782
mouse_move,2026-04-11 16:22:00.486340
mouse_move,2026-04-11 16:22:00.492589
mouse_move,2026-04-11 16:22:00.500763
mouse_move,2026-04-11 16:22:00.507224
mouse_move,2026-04-11 16:22:00.514806
mouse_move,2026-04-11 16:22:00.521620
mouse_move,2026-04-11 16:22:00.528759
mouse_move,2026-04-11 16:22:00.535631
mouse_move,2026-04-11 16:22:00.542565
mouse_move,2026-04-11 16:22:00.549723
mouse_move,2026-04-11 16:22:00.556704
mouse_move,2026-04-11 16:22:00.563451
mouse_move,2026-04-11 16:22:00.570845
mouse_move,2026-04-11 16:22:00.576843
mouse_move,2026-04-11 16:22:00.585092
mouse_move,2026-04-11 16:22:00.591695
mouse_move,2026-04-11 16:22:00.598915
mouse_move,2026-04-11 16:22:00.605553
mouse_move,2026-04-11 16:22:00.612785
mouse_move,2026-04-11 16:22:00.619532
mouse_move,2026-04-11 16:22:00.626593
mouse_move,2026-04-11 16:22:00.641160
mouse_move,2026-04-11 16:22:00.690349
mouse_move,2026-04-11 16:22:00.697457
mouse_move,2026-04-11 16:22:00.704051
mouse_move,2026-04-11 16:22:00.710904
mouse_move,2026-04-11 16:22:00.717879
mouse_move,2026-04-11 16:22:00.725228
mouse_move,2026-04-11 16:22:00.732198
mouse_move,2026-04-11 16:22:00.739401
mouse_move,2026-04-11 16:22:00.745577
mouse_move,2026-04-11 16:22:00.753140
mouse_move,2026-04-11 16:22:00.760045
mouse_move,2026-04-11 16:22:00.767384
mouse_move,2026-04-11 16:22:00.774105
mouse_move,2026-04-11 16:22:00.781337
mouse_move,2026-04-11 16:22:00.788223
mouse_move,2026-04-11 16:22:00.795295
mouse_move,2026-04-11 16:22:00.802245
mouse_move,2026-04-11 16:22:00.809287
mouse_move,2026-04-11 16:22:00.816311
mouse_move,2026-04-11 16:22:00.824152
mouse_move,2026-04-11 16:22:00.837532
mouse_move,2026-04-11 16:22:00.851804
mouse_move,2026-04-11 16:22:00.856417
key_press,2026-04-11 16:22:04.458117
key_press,2026-04-11 16:22:04.671189
